"","headers","title","date","link"
"1","<U+0411><U+0430><U+0440><U+0441><U+0435><U+043B><U+043E><U+043D><U+0430> <U+043C><U+043E><U+0436><U+0435><U+0442> <U+043F><U+043E><U+0434><U+043F><U+0438><U+0441><U+0430><U+0442><U+044C> <U+041E><U+043D><U+0430><U+043D><U+0430>","<U+0410><U+0441><U+0441><U+043E><U+0446><U+0438><U+0430><U+0446><U+0438><U+044F> <U+043E><U+0442><U+0435><U+043B><U+0435><U+0439> <U+041A><U+0430><U+043D><U+0430><U+0440><U+0441><U+043A><U+0438><U+0445> <U+043E><U+0441><U+0442><U+0440><U+043E><U+0432><U+043E><U+0432> <U+0441><U+0447><U+0438><U+0442><U+0430><U+0435><U+0442>, <U+0447><U+0442><U+043E> <U+0437><U+0434><U+0435><U+0441><U+044C> <U+043C><U+043E><U+0436><U+043D><U+043E> <U+0441><U+043F><U+043E><U+043A><U+043E><U+0439><U+043D><U+043E> <U+0438><U+0433><U+0440><U+0430><U+0442><U+044C> <U+0431><U+0435><U+0437> <U+0437><U+0440><U+0438><U+0442><U+0435><U+043B><U+0435><U+0439>.","08 <U+0430><U+043F><U+0440><U+0435><U+043B><U+044F> 2020, 19:59","https://football.ua/spain/419288-chempionat-ispanii-predlozhili-zavershit-na-kanarakh.html"
"2","<U+0410><U+0442><U+043B><U+0435><U+0442><U+0438><U+043A><U+043E> <U+043E><U+043F><U+0440><U+0435><U+0434><U+0435><U+043B><U+0438><U+043B><U+0441><U+044F> <U+0441> <U+043A><U+0430><U+043D><U+0434><U+0438><U+0434><U+0430><U+0442><U+0443><U+0440><U+0430><U+043C><U+0438> <U+043D><U+0430> <U+0440><U+043E><U+043B><U+044C> <U+0441><U+043C><U+0435><U+043D><U+0449><U+0438><U+043A><U+0430> <U+041E><U+0431><U+043B><U+0430><U+043A><U+0430>","<U+041C><U+0430><U+0440><U+043A>-<U+0410><U+043D><U+0434><U+0440><U+0435> <U+0442><U+0435><U+0440> <U+0428><U+0442><U+0435><U+0433><U+0435><U+043D> <U+043F><U+043E><U+043A><U+0430> <U+043D><U+0435> <U+043C><U+043E><U+0436><U+0435><U+0442> <U+0434><U+043E><U+0433><U+043E><U+0432><U+043E><U+0440><U+0438><U+0442><U+044C><U+0441><U+044F> <U+0441> ""<U+0441><U+0438><U+043D><U+0435>-<U+0433><U+0440><U+0430><U+043D><U+0430><U+0442><U+043E><U+0432><U+044B><U+043C><U+0438>"" <U+043E> <U+043F><U+0440><U+043E><U+0434><U+043B><U+0435><U+043D><U+0438><U+0438> <U+043A><U+043E><U+043D><U+0442><U+0440><U+0430><U+043A><U+0442><U+0430>.","08 <U+0430><U+043F><U+0440><U+0435><U+043B><U+044F> 2020, 17:59","https://football.ua/spain/419278-barselona-mozhet-podpisat-onana.html"
"3","<U+041D><U+0430> <U+0425><U+0430><U+043A><U+0438><U+043C><U+0438> <U+043F><U+0440><U+0435><U+0442><U+0435><U+043D><U+0434><U+0443><U+0435><U+0442> <U+0441><U+0435><U+043C><U+044C> <U+043A><U+043E><U+043C><U+0430><U+043D><U+0434>","""<U+041C><U+0430><U+0442><U+0440><U+0430><U+0441><U+043D><U+0438><U+043A><U+0438>"" <U+043F><U+0440><U+0435><U+0442><U+0435><U+043D><U+0434><U+0443><U+044E><U+0442> <U+043D><U+0430> <U+0434><U+0432><U+0443><U+0445> <U+0433><U+043E><U+043B><U+043A><U+0438><U+043F><U+0435><U+0440><U+043E><U+0432>.","08 <U+0430><U+043F><U+0440><U+0435><U+043B><U+044F> 2020, 16:56","https://football.ua/spain/419273-atletiko-opredelilsja-s-kandidaturami-na-rol-smenshhika-oblaka.html"
"4","<U+0421><U+0443><U+0430><U+0440><U+0435><U+0441>: <U+041F><U+043E><U+0434><U+043F><U+0438><U+0441><U+0430><U+043D><U+0438><U+0435> <U+041B><U+0430><U+0443><U+0442><U+0430><U+0440><U+043E>? <U+0412> <U+043A><U+043E><U+043C><U+0430><U+043D><U+0434><U+0435> <U+0432><U+0441><U+0435><U+0433><U+0434><U+0430> <U+0434><U+043E><U+043B><U+0436><U+043D><U+0430> <U+0431><U+044B><U+0442><U+044C> <U+0437><U+0434><U+043E><U+0440><U+043E><U+0432><U+0430><U+044F> <U+043A><U+043E><U+043D><U+043A><U+0443><U+0440><U+0435><U+043D><U+0446><U+0438><U+044F>","<U+0420><U+044F><U+0434> <U+0432><U+0435><U+0434><U+0443><U+0449><U+0438><U+0445> <U+043A><U+043B><U+0443><U+0431><U+043E><U+0432> <U+043F><U+044B><U+0442><U+0430><U+044E><U+0442><U+0441><U+044F> <U+043F><U+043E><U+0434><U+043F><U+0438><U+0441><U+0430><U+0442><U+044C> <U+043C><U+0430><U+0440><U+043E><U+043A><U+043A><U+0430><U+043D><U+0441><U+043A><U+043E><U+0433><U+043E> <U+0437><U+0430><U+0449><U+0438><U+0442><U+043D><U+0438><U+043A><U+0430>.","08 <U+0430><U+043F><U+0440><U+0435><U+043B><U+044F> 2020, 16:32","https://football.ua/spain/419271-na-khakimi-pretenduet-sem-komand.html"
"5","<U+0421><U+0435><U+0432><U+0438><U+043B><U+044C><U+044F> <U+0441><U+043E><U+043A><U+0440><U+0430><U+0442><U+0438><U+043B><U+0430> <U+043D><U+0430> 70% <U+0437><U+0430><U+0440><U+043F><U+043B><U+0430><U+0442><U+0443> <U+0438><U+0433><U+0440><U+043E><U+043A><U+0430><U+043C> <U+0438> <U+0442><U+0440><U+0435><U+043D><U+0435><U+0440><U+0430><U+043C>","<U+041D><U+0430><U+043F><U+0430><U+0434><U+0430><U+044E><U+0449><U+0438><U+0439> <U+0411><U+0430><U+0440><U+0441><U+0435><U+043B><U+043E><U+043D><U+044B> <U+0441><U+0447><U+0438><U+0442><U+0430><U+0435><U+0442>, <U+0447><U+0442><U+043E> <U+041C><U+0430><U+0440><U+0442><U+0438><U+043D><U+0435><U+0441> — <U+043E><U+0442><U+043B><U+0438><U+0447><U+043D><U+044B><U+0439> <U+0438><U+0433><U+0440><U+043E><U+043A>, <U+043A><U+043E><U+0442><U+043E><U+0440><U+044B><U+0439> <U+043F><U+0440><U+0438><U+0433><U+043E><U+0434><U+0438><U+0442><U+0441><U+044F> <U+043A><U+0430><U+0442><U+0430><U+043B><U+043E><U+043D><U+0446><U+0430><U+043C>.","08 <U+0430><U+043F><U+0440><U+0435><U+043B><U+044F> 2020, 16:10","https://football.ua/spain/419269-suares-podpisanie-lautaro-v-komande-vsegda-dolzhna-byt-zdorovaja-konkurencija.html"
"6","<U+0411><U+0430><U+0440><U+0441><U+0435><U+043B><U+043E><U+043D><U+0430> <U+0445><U+043E><U+0447><U+0435><U+0442> <U+0432><U+0435><U+0440><U+043D><U+0443><U+0442><U+044C> <U+042D><U+043C><U+0435><U+0440><U+0441><U+043E><U+043D><U+0430> <U+0438><U+0437> <U+0411><U+0435><U+0442><U+0438><U+0441><U+0430>","<U+0413><U+043B><U+0430><U+0432><U+0430> ""<U+0441><U+0438><U+043D><U+0435>-<U+0433><U+0440><U+0430><U+043D><U+0430><U+0442><U+043E><U+0432><U+044B><U+0445>"" <U+0432><U+044B><U+0440><U+0430><U+0437><U+0438><U+043B> <U+043D><U+0435><U+0434><U+043E><U+0432><U+0435><U+0440><U+0438><U+0435> <U+0441><U+0432><U+043E><U+0438><U+043C> <U+043F><U+0440><U+0438><U+0431><U+043B><U+0438><U+0436><U+0435><U+043D><U+043D><U+044B><U+043C> <U+0441><U+043E><U+0442><U+0440><U+0443><U+0434><U+043D><U+0438><U+043A><U+0430><U+043C>.","08 <U+0430><U+043F><U+0440><U+0435><U+043B><U+044F> 2020, 15:27","https://football.ua/spain/419265-u-bartomeu-konflikt-s-vice-prezidentami-barselony.html"
"7","<U+0411><U+0430><U+0440><U+0441><U+0435><U+043B><U+043E><U+043D><U+0430> <U+0433><U+043E><U+0442><U+043E><U+0432><U+0430> <U+043E><U+0431><U+043C><U+0435><U+043D><U+044F><U+0442><U+044C> <U+0420><U+0430><U+043A><U+0438><U+0442><U+0438><U+0447><U+0430> <U+0438> <U+0423><U+043C><U+0442><U+0438><U+0442><U+0438> <U+043D><U+0430> <U+0411><U+0435><U+0440><U+043D><U+0430><U+0440><U+0434><U+0435><U+0441><U+043A><U+0438>","<U+0417><U+0430><U+0440><U+043F><U+043B><U+0430><U+0442><U+0443> <U+0432> <U+043F><U+043E><U+043B><U+043D><U+043E><U+043C> <U+043E><U+0431><U+044A><U+0435><U+043C><U+0435> <U+043F><U+0440><U+043E><U+0434><U+043E><U+043B><U+0436><U+0430><U+0442> <U+043F><U+043E><U+043B><U+0443><U+0447><U+0430><U+0442><U+044C> <U+0441><U+043E><U+0442><U+0440><U+0443><U+0434><U+043D><U+0438><U+043A><U+0438>, <U+043A><U+043E><U+0442><U+043E><U+0440><U+044B><U+0435> <U+043F><U+043E><U+043B><U+043D><U+043E><U+0446><U+0435><U+043D><U+043D><U+043E> <U+043C><U+043E><U+0433><U+0443><U+0442> <U+0440><U+0430><U+0431><U+043E><U+0442><U+0430><U+0442><U+044C> <U+0443><U+0434><U+0430><U+043B><U+0435><U+043D><U+043D><U+043E>.","08 <U+0430><U+043F><U+0440><U+0435><U+043B><U+044F> 2020, 13:15","https://football.ua/spain/419257-sevilja-sokratila-na-70-zarplatu-igrokam-i-treneram.html"
"8","<U+0418><U+043D><U+044C><U+0435><U+0441><U+0442><U+0430> <U+043D><U+0435> <U+0438><U+0441><U+043A><U+043B><U+044E><U+0447><U+0438><U+043B> <U+0432><U+043E><U+0437><U+0432><U+0440><U+0430><U+0449><U+0435><U+043D><U+0438><U+0435> <U+0432> <U+0411><U+0430><U+0440><U+0441><U+0435><U+043B><U+043E><U+043D><U+0443>","<U+041A><U+0430><U+0442><U+0430><U+043B><U+043E><U+043D><U+0446><U+044B>, <U+0441><U+043A><U+043E><U+0440><U+0435><U+0435> <U+0432><U+0441><U+0435><U+0433><U+043E>, <U+043F><U+043E><U+043F><U+0440><U+043E><U+0449><U+0430><U+044E><U+0442><U+0441><U+044F> <U+0441> <U+041D><U+0435><U+043B><U+044C><U+0441><U+043E><U+043D><U+043E><U+043C> <U+0421><U+0435><U+043C><U+0435><U+0434><U+0443>.","08 <U+0430><U+043F><U+0440><U+0435><U+043B><U+044F> 2020, 11:49","https://football.ua/spain/419248-barselona-khochet-vernut-ehmersona-iz-betisa.html"
"9","<U+041A><U+0430><U+0441><U+0438><U+043B><U+044C><U+044F><U+0441>: <U+0423><U+0432><U+0435><U+0440><U+0435><U+043D>, <U+0447><U+0442><U+043E> <U+043A><U+043E><U+0433><U+0434><U+0430>-<U+043D><U+0438><U+0431><U+0443><U+0434><U+044C> <U+0432><U+0435><U+0440><U+043D><U+0443><U+0441><U+044C> <U+0432> <U+0420><U+0435><U+0430><U+043B>","<U+041A><U+0430><U+0442><U+0430><U+043B><U+043E><U+043D><U+0446><U+044B> <U+043D><U+0435> <U+0445><U+043E><U+0442><U+044F><U+0442> <U+0442><U+0440><U+0430><U+0442><U+0438><U+0442><U+044C> <U+0434><U+0435><U+043D><U+044C><U+0433><U+0438> <U+043D><U+0430> <U+0438><U+0442><U+0430><U+043B><U+044C><U+044F><U+043D><U+0446><U+0430>.","08 <U+0430><U+043F><U+0440><U+0435><U+043B><U+044F> 2020, 11:20","https://football.ua/spain/419245-barselona-gotova-obmenjat-rakiticha-i-umtiti-na-bernardeski.html"
"10","<U+0417><U+0438><U+0434><U+0430><U+043D> <U+043F><U+043E>-<U+043F><U+0440><U+0435><U+0436><U+043D><U+0435><U+043C><U+0443> <U+0445><U+043E><U+0447><U+0435><U+0442> <U+0437><U+0430><U+043F><U+043E><U+043B><U+0443><U+0447><U+0438><U+0442><U+044C> <U+041C><U+0431><U+0430><U+043F><U+043F><U+0435> <U+043F><U+0435><U+0440><U+0435><U+0434> <U+0441><U+043B><U+0435><U+0434><U+0443><U+044E><U+0449><U+0438><U+043C> <U+0441><U+0435><U+0437><U+043E><U+043D><U+043E><U+043C>","<U+0418><U+0441><U+043F><U+0430><U+043D><U+0441><U+043A><U+0438><U+0439> <U+043F><U+043E><U+043B><U+0443><U+0437><U+0430><U+0449><U+0438><U+0442><U+043D><U+0438><U+043A> <U+043F><U+043E><U+043A><U+0430> <U+0447><U+0442><U+043E> <U+043D><U+0435> <U+0441><U+043E><U+0431><U+0438><U+0440><U+0430><U+0435><U+0442><U+0441><U+044F> <U+0437><U+0430><U+043A><U+0430><U+0447><U+0438><U+0432><U+0430><U+0442><U+044C> <U+0441> <U+0444><U+0443><U+0442><U+0431><U+043E><U+043B><U+043E><U+043C>.","08 <U+0430><U+043F><U+0440><U+0435><U+043B><U+044F> 2020, 10:25","https://football.ua/spain/419242-inesta-ne-iskljuchil-vozvrashhenie-v-barselonu.html"
"11","<U+0424><U+0438><U+043B><U+0438><U+043F><U+0435> <U+041B><U+0443><U+0438><U+0441>: <U+041C><U+0435><U+0441><U+0441><U+0438> <U+0434><U+043E><U+043B><U+0436><U+0435><U+043D> <U+0432><U+044B><U+0438><U+0433><U+0440><U+044B><U+0432><U+0430><U+0442><U+044C> <U+0417><U+043E><U+043B><U+043E><U+0442><U+043E><U+0439> <U+043C><U+044F><U+0447> <U+043A><U+0430><U+0436><U+0434><U+044B><U+0439> <U+0433><U+043E><U+0434>","<U+041B><U+0435><U+0433><U+0435><U+043D><U+0434><U+0430><U+0440><U+043D><U+044B><U+0439> <U+0433><U+043E><U+043B><U+043A><U+0438><U+043F><U+0435><U+0440> <U+0440><U+0430><U+0441><U+0441><U+043A><U+0430><U+0437><U+0430><U+043B> <U+043E> <U+043F><U+043B><U+0430><U+043D><U+0430><U+0445> <U+043D><U+0430> <U+0431><U+0443><U+0434><U+0443><U+0449><U+0435><U+0435>.","08 <U+0430><U+043F><U+0440><U+0435><U+043B><U+044F> 2020, 09:57","https://football.ua/spain/419238-kasiljas-uveren-chto-kogda-nibud-vernus-v-real.html"
"12","<U+041A><U+0440><U+043E><U+043E><U+0441>: <U+0421><U+043D><U+0438><U+0436><U+0435><U+043D><U+0438><U+0435> <U+0437><U+0430><U+0440><U+043F><U+043B><U+0430><U+0442> — <U+043D><U+0430><U+043F><U+0440><U+0430><U+0441><U+043D><U+043E><U+0435> <U+043F><U+043E><U+0436><U+0435><U+0440><U+0442><U+0432><U+043E><U+0432><U+0430><U+043D><U+0438><U+0435>","<U+0413><U+043B><U+0430><U+0432><U+043D><U+044B><U+0439> <U+0442><U+0440><U+0435><U+043D><U+0435><U+0440> <U+0420><U+0435><U+0430><U+043B><U+0430> <U+0440><U+0430><U+0441><U+0441><U+0447><U+0438><U+0442><U+044B><U+0432><U+0430><U+0435><U+0442> <U+043D><U+0430> <U+043F><U+043E><U+0434><U+043F><U+0438><U+0441><U+0430><U+043D><U+0438><U+0435> <U+0441><U+043E><U+043E><U+0442><U+0435><U+0447><U+0435><U+0441><U+0442><U+0432><U+0435><U+043D><U+043D><U+0438><U+043A><U+0430>.","08 <U+0430><U+043F><U+0440><U+0435><U+043B><U+044F> 2020, 09:28","https://football.ua/spain/419237-zidan-po-prezhnemu-khochet-zapoluchit-mbappe-pered-sledujushhim-sezonom.html"
"13","<U+0415><U+043B><U+0435><U+043D><U+0456><U+043E> <U+0415><U+0440><U+0440><U+0435><U+0440><U+0430>: <U+0421><U+043F><U+0440><U+0430><U+0432><U+0436><U+043D><U+0456><U+0439> The Special One. <U+0427><U+0430><U+0441><U+0442><U+0438><U+043D><U+0430> <U+0406><U+0406>","<U+042D><U+043A><U+0441>-<U+0438><U+0433><U+0440><U+043E><U+043A> <U+0410><U+0442><U+043B><U+0435><U+0442><U+0438><U+043A><U+043E> <U+043F><U+043E><U+0434><U+0435><U+043B><U+0438><U+043B><U+0441><U+044F> <U+0441><U+0432><U+043E><U+0438><U+043C> <U+043C><U+043D><U+0435><U+043D><U+0438><U+0435><U+043C> <U+043E> <U+0444><U+0435><U+043D><U+043E><U+043C><U+0435><U+043D><U+0435> <U+041C><U+0435><U+0441><U+0441><U+0438>.","08 <U+0430><U+043F><U+0440><U+0435><U+043B><U+044F> 2020, 08:03","https://football.ua/spain/419233-filipe-luis-messi-dolzhen-vyigryvat-zolotojj-mjach-kazhdyjj-god.html"
"14","<U+0420><U+0435><U+0430><U+043B> <U+0445><U+043E><U+0447><U+0435><U+0442> <U+0441><U+043E><U+043A><U+0440><U+0430><U+0442><U+0438><U+0442><U+044C> <U+0437><U+0430><U+0440><U+043F><U+043B><U+0430><U+0442><U+044B> <U+0438><U+0433><U+0440><U+043E><U+043A><U+0430><U+043C>, <U+0434><U+0430><U+0436><U+0435> <U+0435><U+0441><U+043B><U+0438> <U+0441><U+0435><U+0437><U+043E><U+043D> <U+0431><U+0443><U+0434><U+0435><U+0442> <U+0434><U+043E><U+0438><U+0433><U+0440><U+0430><U+043D> ","<U+0424><U+0443><U+0442><U+0431><U+043E><U+043B><U+0438><U+0441><U+0442> <U+0441><U+0447><U+0438><U+0442><U+0430><U+0435><U+0442> <U+043D><U+0435><U+043E><U+0431><U+0445><U+043E><U+0434><U+0438><U+043C><U+044B><U+043C>, <U+0447><U+0442><U+043E><U+0431><U+044B> <U+0444><U+0443><U+0442><U+0431><U+043E><U+043B><U+0438><U+0441><U+0442><U+044B> <U+043F><U+043E><U+043B><U+0443><U+0447><U+0430><U+043B><U+0438> <U+043F><U+043E><U+043B><U+043D><U+044B><U+0435> <U+0437><U+0430><U+0440><U+043F><U+043B><U+0430><U+0442><U+044B> <U+0438> <U+043F><U+0440><U+0430><U+0432><U+0438><U+043B><U+044C><U+043D><U+043E> <U+0438><U+043C><U+0438> <U+0440><U+0430><U+0441><U+043F><U+043E><U+0440><U+044F><U+0436><U+0430><U+043B><U+0438><U+0441><U+044C>.","08 <U+0430><U+043F><U+0440><U+0435><U+043B><U+044F> 2020, 07:13","https://football.ua/spain/419230-kroos-snizhenie-zarplat-naprasnoe-pozhertvovanie.html"
"15","<U+0411><U+0430><U+0440><U+0441><U+0435><U+043B><U+043E><U+043D><U+0430> <U+043C><U+043E><U+0436><U+0435><U+0442> <U+043F><U+043E><U+0434><U+043F><U+0438><U+0441><U+0430><U+0442><U+044C> <U+041E><U+043D><U+0430><U+043D><U+0430>","<U+041F><U+0440><U+043E><U+0434><U+043E><U+0432><U+0436><U+0435><U+043D><U+043D><U+044F> <U+043C><U+0430><U+0442><U+0435><U+0440><U+0456><U+0430><U+043B><U+0443> <U+0412><U+043E><U+043B><U+043E><U+0434><U+0438><U+043C><U+0438><U+0440><U+0430> <U+0412><U+043E><U+0439><U+0442><U+044E><U+043A><U+0430> <U+043F><U+0440><U+043E> <U+043E><U+0434><U+043D><U+043E><U+0433><U+043E> <U+0437> <U+043D><U+0430><U+0439><U+0445><U+0430><U+0440><U+0438><U+0437><U+043C><U+0430><U+0442><U+0438><U+0447><U+043D><U+0456><U+0448><U+0438><U+0445> <U+0442><U+0440><U+0435><U+043D><U+0435><U+0440><U+0456><U+0432> <U+0432> <U+0456><U+0441><U+0442><U+043E><U+0440><U+0456><U+0457> <U+0444><U+0443><U+0442><U+0431><U+043E><U+043B><U+0443>.","08 <U+0430><U+043F><U+0440><U+0435><U+043B><U+044F> 2020, 06:30","https://football.ua/spain/419208-elenio-errera-spravzhnijj-the-special-one-chastina-ii.html"
"16","<U+0410><U+0442><U+043B><U+0435><U+0442><U+0438><U+043A><U+043E> <U+043E><U+043F><U+0440><U+0435><U+0434><U+0435><U+043B><U+0438><U+043B><U+0441><U+044F> <U+0441> <U+043A><U+0430><U+043D><U+0434><U+0438><U+0434><U+0430><U+0442><U+0443><U+0440><U+0430><U+043C><U+0438> <U+043D><U+0430> <U+0440><U+043E><U+043B><U+044C> <U+0441><U+043C><U+0435><U+043D><U+0449><U+0438><U+043A><U+0430> <U+041E><U+0431><U+043B><U+0430><U+043A><U+0430>","<U+041C><U+0430><U+0434><U+0440><U+0438><U+0434><U+0441><U+043A><U+0438><U+0439> <U+043A><U+043B><U+0443><U+0431> <U+0445><U+043E><U+0447><U+0435><U+0442> <U+0443><U+043C><U+0435><U+043D><U+044C><U+0448><U+0438><U+0442><U+044C> <U+043E><U+043A><U+043B><U+0430><U+0434> <U+0444><U+0443><U+0442><U+0431><U+043E><U+043B><U+0438><U+0441><U+0442><U+0430><U+043C> <U+043D><U+0430> 12-20%.","07 <U+0430><U+043F><U+0440><U+0435><U+043B><U+044F> 2020, 23:24","https://football.ua/spain/419222-real-khochet-sokratit-zarplaty-igrokam-dazhe-esli-sezon-budet-doigran.html"
"17","<U+041D><U+0430> <U+0425><U+0430><U+043A><U+0438><U+043C><U+0438> <U+043F><U+0440><U+0435><U+0442><U+0435><U+043D><U+0434><U+0443><U+0435><U+0442> <U+0441><U+0435><U+043C><U+044C> <U+043A><U+043E><U+043C><U+0430><U+043D><U+0434>","<U+0424><U+0443><U+043D><U+043A><U+0446><U+0438><U+043E><U+043D><U+0435><U+0440> <U+0432><U+044B><U+0441><U+043A><U+0430><U+0437><U+0430><U+043B><U+0441><U+044F> <U+043E> <U+043F><U+043E><U+0442><U+0435><U+043D><U+0446><U+0438><U+0430><U+043B><U+044C><U+043D><U+043E><U+043C> <U+0443><U+0445><U+043E><U+0434><U+0435> <U+0430><U+0440><U+0433><U+0435><U+043D><U+0442><U+0438><U+043D><U+0446><U+0430>.","07 <U+0430><U+043F><U+0440><U+0435><U+043B><U+044F> 2020, 21:54","https://football.ua/spain/419215-tebas-perekhod-messi-v-seriju-a-ne-pomozhet-reshit-ikh-finansovye-problemy.html"
"18","<U+0421><U+0443><U+0430><U+0440><U+0435><U+0441>: <U+041F><U+043E><U+0434><U+043F><U+0438><U+0441><U+0430><U+043D><U+0438><U+0435> <U+041B><U+0430><U+0443><U+0442><U+0430><U+0440><U+043E>? <U+0412> <U+043A><U+043E><U+043C><U+0430><U+043D><U+0434><U+0435> <U+0432><U+0441><U+0435><U+0433><U+0434><U+0430> <U+0434><U+043E><U+043B><U+0436><U+043D><U+0430> <U+0431><U+044B><U+0442><U+044C> <U+0437><U+0434><U+043E><U+0440><U+043E><U+0432><U+0430><U+044F> <U+043A><U+043E><U+043D><U+043A><U+0443><U+0440><U+0435><U+043D><U+0446><U+0438><U+044F>","<U+0417><U+0430><U+0449><U+0438><U+0442><U+043D><U+0438><U+043A> <U+043C><U+043E><U+0436><U+0435><U+0442> <U+043E><U+043A><U+0430><U+0437><U+0430><U+0442><U+044C><U+0441><U+044F> <U+0432> <U+0434><U+0440><U+0443><U+0433><U+043E><U+043C> <U+043A><U+043B><U+0443><U+0431><U+0435> <U+0432> <U+0441><U+043B><U+0435><U+0434><U+0443><U+044E><U+0449><U+0435><U+043C> <U+0441><U+0435><U+0437><U+043E><U+043D><U+0435>.","07 <U+0430><U+043F><U+0440><U+0435><U+043B><U+044F> 2020, 20:29","https://football.ua/spain/419205-v-reale-net-edinogo-reshenija-o-sudbe-khakimi.html"
"19","<U+0421><U+0435><U+0432><U+0438><U+043B><U+044C><U+044F> <U+0441><U+043E><U+043A><U+0440><U+0430><U+0442><U+0438><U+043B><U+0430> <U+043D><U+0430> 70% <U+0437><U+0430><U+0440><U+043F><U+043B><U+0430><U+0442><U+0443> <U+0438><U+0433><U+0440><U+043E><U+043A><U+0430><U+043C> <U+0438> <U+0442><U+0440><U+0435><U+043D><U+0435><U+0440><U+0430><U+043C>","<U+041F><U+043E><U+0445><U+043E><U+0436><U+0435>, <U+043F><U+043E><U+0440><U+0442><U+0443><U+0433><U+0430><U+043B><U+0435><U+0446> <U+043D><U+0435> <U+0432><U+0435><U+0440><U+043D><U+0435><U+0442><U+0441><U+044F> <U+043D><U+0430> <U+0421><U+0430><U+043D><U+0442><U+044C><U+044F><U+0433><U+043E> <U+0411><U+0435><U+0440><U+043D><U+0430><U+0431><U+0435><U+0443>.","07 <U+0430><U+043F><U+0440><U+0435><U+043B><U+044F> 2020, 19:58","https://football.ua/spain/419203-real-ne-rassmatrivaet-vozvrashhenie-ronaldu.html"
"20","<U+0411><U+0430><U+0440><U+0441><U+0435><U+043B><U+043E><U+043D><U+0430> <U+0445><U+043E><U+0447><U+0435><U+0442> <U+0432><U+0435><U+0440><U+043D><U+0443><U+0442><U+044C> <U+042D><U+043C><U+0435><U+0440><U+0441><U+043E><U+043D><U+0430> <U+0438><U+0437> <U+0411><U+0435><U+0442><U+0438><U+0441><U+0430>","<U+0423> <U+0430><U+0440><U+0433><U+0435><U+043D><U+0442><U+0438><U+043D><U+0446><U+0430> <U+0432><U+043D><U+043E><U+0432><U+044C> <U+043F><U+043E><U+044F><U+0432><U+0438><U+043B><U+0441><U+044F> <U+0448><U+0430><U+043D><U+0441> <U+043F><U+0435><U+0440><U+0435><U+0435><U+0445><U+0430><U+0442><U+044C> <U+0432> <U+041C><U+0430><U+0434><U+0440><U+0438><U+0434>.","07 <U+0430><U+043F><U+0440><U+0435><U+043B><U+044F> 2020, 17:58","https://football.ua/spain/419196-ikardi-vernulsja-v-sferu-interesov-reala.html"
"21","<U+0411><U+0430><U+0440><U+0441><U+0435><U+043B><U+043E><U+043D><U+0430> <U+0433><U+043E><U+0442><U+043E><U+0432><U+0430> <U+043E><U+0431><U+043C><U+0435><U+043D><U+044F><U+0442><U+044C> <U+0420><U+0430><U+043A><U+0438><U+0442><U+0438><U+0447><U+0430> <U+0438> <U+0423><U+043C><U+0442><U+0438><U+0442><U+0438> <U+043D><U+0430> <U+0411><U+0435><U+0440><U+043D><U+0430><U+0440><U+0434><U+0435><U+0441><U+043A><U+0438>","<U+0425><U+043E><U+0440><U+0432><U+0430><U+0442> <U+043D><U+0430><U+043C><U+0435><U+0440><U+0435><U+043D> <U+0432><U+043D><U+043E><U+0432><U+044C> <U+0432><U+044B><U+0441><U+0442><U+0443><U+043F><U+0430><U+0442><U+044C> <U+0437><U+0430> <U+0441><U+0432><U+043E><U+0439> <U+0431><U+044B><U+0432><U+0448><U+0438><U+0439> <U+043A><U+043B><U+0443><U+0431>.","07 <U+0430><U+043F><U+0440><U+0435><U+043B><U+044F> 2020, 16:58","https://football.ua/spain/419191-rakitich-rassmatrivaet-variant-tolko-v-vozvrashheniem-v-sevilju.html"
"22","<U+0418><U+043D><U+044C><U+0435><U+0441><U+0442><U+0430> <U+043D><U+0435> <U+0438><U+0441><U+043A><U+043B><U+044E><U+0447><U+0438><U+043B> <U+0432><U+043E><U+0437><U+0432><U+0440><U+0430><U+0449><U+0435><U+043D><U+0438><U+0435> <U+0432> <U+0411><U+0430><U+0440><U+0441><U+0435><U+043B><U+043E><U+043D><U+0443>","<U+041A><U+043E><U+0440><U+043E><U+043D><U+0430><U+0432><U+0438><U+0440><U+0443><U+0441> <U+043C><U+043E><U+0436><U+0435><U+0442> <U+043D><U+0430><U+043D><U+0435><U+0441><U+0442><U+0438> <U+043D><U+0435><U+0432><U+0435><U+0440><U+043E><U+044F><U+0442><U+043D><U+044B><U+0439> <U+044D><U+043A><U+043E><U+043D><U+043E><U+043C><U+0438><U+0447><U+0435><U+0441><U+043A><U+0438><U+0439> <U+0432><U+0440><U+0435><U+0434>.","07 <U+0430><U+043F><U+0440><U+0435><U+043B><U+044F> 2020, 16:17","https://football.ua/spain/419189-tebas-esli-sezon-ne-vozobnovitsja-to-ispanskie-kluby-mogut-poterjat-odin-milliard-evro.html"
"23","<U+041A><U+0430><U+0441><U+0438><U+043B><U+044C><U+044F><U+0441>: <U+0423><U+0432><U+0435><U+0440><U+0435><U+043D>, <U+0447><U+0442><U+043E> <U+043A><U+043E><U+0433><U+0434><U+0430>-<U+043D><U+0438><U+0431><U+0443><U+0434><U+044C> <U+0432><U+0435><U+0440><U+043D><U+0443><U+0441><U+044C> <U+0432> <U+0420><U+0435><U+0430><U+043B>","""<U+0411><U+043B><U+0430><U+043D><U+043A><U+043E><U+0441>"" <U+043D><U+0435> <U+0441><U+0443><U+043C><U+0435><U+044E><U+0442> <U+043F><U+0440><U+0438><U+043E><U+0431><U+0440><U+0435><U+0441><U+0442><U+0438> <U+0444><U+0440><U+0430><U+043D><U+0446><U+0443><U+0437><U+0430> <U+0432> <U+0431><U+043B><U+0438><U+0436><U+0430><U+0439><U+0448><U+0435><U+0435> <U+0432><U+0440><U+0435><U+043C><U+044F>.","07 <U+0430><U+043F><U+0440><U+0435><U+043B><U+044F> 2020, 15:58","https://football.ua/spain/419188-real-perenes-plany-o-pokupke-mbappe-na-2021-god.html"
"24","<U+0417><U+0438><U+0434><U+0430><U+043D> <U+043F><U+043E>-<U+043F><U+0440><U+0435><U+0436><U+043D><U+0435><U+043C><U+0443> <U+0445><U+043E><U+0447><U+0435><U+0442> <U+0437><U+0430><U+043F><U+043E><U+043B><U+0443><U+0447><U+0438><U+0442><U+044C> <U+041C><U+0431><U+0430><U+043F><U+043F><U+0435> <U+043F><U+0435><U+0440><U+0435><U+0434> <U+0441><U+043B><U+0435><U+0434><U+0443><U+044E><U+0449><U+0438><U+043C> <U+0441><U+0435><U+0437><U+043E><U+043D><U+043E><U+043C>","<U+0421><U+0442><U+0430><U+043B><U+0438> <U+0438><U+0437><U+0432><U+0435><U+0441><U+0442><U+043D><U+044B> <U+043E><U+0440><U+0438><U+0435><U+043D><U+0442><U+0438><U+0440><U+043E><U+0432><U+043E><U+0447><U+043D><U+044B><U+0435> <U+0434><U+0430><U+0442><U+044B> <U+0441><U+0442><U+0430><U+0440><U+0442><U+0430> <U+0447><U+0435><U+043C><U+043F><U+0438><U+043E><U+043D><U+0430><U+0442><U+0430>.","07 <U+0430><U+043F><U+0440><U+0435><U+043B><U+044F> 2020, 14:59","https://football.ua/spain/419184-tebas-rassmatrivaet-vozobnovlenie-chempionatov-29-go-maja-ili-6-go-ijunja.html"
"25","<U+0424><U+0438><U+043B><U+0438><U+043F><U+0435> <U+041B><U+0443><U+0438><U+0441>: <U+041C><U+0435><U+0441><U+0441><U+0438> <U+0434><U+043E><U+043B><U+0436><U+0435><U+043D> <U+0432><U+044B><U+0438><U+0433><U+0440><U+044B><U+0432><U+0430><U+0442><U+044C> <U+0417><U+043E><U+043B><U+043E><U+0442><U+043E><U+0439> <U+043C><U+044F><U+0447> <U+043A><U+0430><U+0436><U+0434><U+044B><U+0439> <U+0433><U+043E><U+0434>","""<U+041B><U+0435><U+0442><U+0443><U+0447><U+0438><U+0435> <U+043C><U+044B><U+0448><U+0438>"" <U+043F><U+0440><U+0435><U+0434><U+043B><U+043E><U+0436><U+0430><U+0442> <U+0444><U+043E><U+0440><U+0432><U+0430><U+0440><U+0434><U+0443> <U+043D><U+043E><U+0432><U+043E><U+0435> <U+0441><U+043E><U+0433><U+043B><U+0430><U+0448><U+0435><U+043D><U+0438><U+0435>.","07 <U+0430><U+043F><U+0440><U+0435><U+043B><U+044F> 2020, 14:58","https://football.ua/spain/419183-valensija-khochet-prodlit-kontrakt-s-rodrigo.html"
"26","<U+041A><U+0440><U+043E><U+043E><U+0441>: <U+0421><U+043D><U+0438><U+0436><U+0435><U+043D><U+0438><U+0435> <U+0437><U+0430><U+0440><U+043F><U+043B><U+0430><U+0442> — <U+043D><U+0430><U+043F><U+0440><U+0430><U+0441><U+043D><U+043E><U+0435> <U+043F><U+043E><U+0436><U+0435><U+0440><U+0442><U+0432><U+043E><U+0432><U+0430><U+043D><U+0438><U+0435>","Football.ua <U+0441><U+043E><U+0431><U+0440><U+0430><U+043B> <U+0441><U+0430><U+043C><U+044B><U+0435> <U+043B><U+0443><U+0447><U+0448><U+0438><U+0435> <U+043F><U+043E><U+043F><U+0430><U+0434><U+0430><U+043D><U+0438><U+044F> ""<U+043A><U+0435><U+043B><U+044C><U+0442><U+043E><U+0432>"".","07 <U+0430><U+043F><U+0440><U+0435><U+043B><U+044F> 2020, 14:08","https://football.ua/spain/417869-ot-maksi-gomesa-do-makelele-luchshie-igroki-kotoryh-raskryla-selta.html"
"27","<U+0415><U+043B><U+0435><U+043D><U+0456><U+043E> <U+0415><U+0440><U+0440><U+0435><U+0440><U+0430>: <U+0421><U+043F><U+0440><U+0430><U+0432><U+0436><U+043D><U+0456><U+0439> The Special One. <U+0427><U+0430><U+0441><U+0442><U+0438><U+043D><U+0430> <U+0406><U+0406>","<U+0425><U+0430><U+0432><U+0431><U+0435><U+043A> <U+043F><U+0440><U+043E><U+043A><U+043E><U+043C><U+043C><U+0435><U+043D><U+0442><U+0438><U+0440><U+043E><U+0432><U+0430><U+043B> <U+0441><U+0432><U+043E><U+0438> <U+0432><U+044B><U+0441><U+0442><U+0443><U+043F><U+043B><U+0435><U+043D><U+0438><U+044F> <U+0432> <U+0438><U+0441><U+043F><U+0430><U+043D><U+0441><U+043A><U+043E><U+043C> <U+043A><U+043B><U+0443><U+0431><U+0435>.","07 <U+0430><U+043F><U+0440><U+0435><U+043B><U+044F> 2020, 11:05","https://football.ua/spain/419168-de-jjong-mojj-luchshijj-match-za-barselonu-eshhe-vperedi.html"
"28","<U+0420><U+0435><U+0430><U+043B> <U+0445><U+043E><U+0447><U+0435><U+0442> <U+0441><U+043E><U+043A><U+0440><U+0430><U+0442><U+0438><U+0442><U+044C> <U+0437><U+0430><U+0440><U+043F><U+043B><U+0430><U+0442><U+044B> <U+0438><U+0433><U+0440><U+043E><U+043A><U+0430><U+043C>, <U+0434><U+0430><U+0436><U+0435> <U+0435><U+0441><U+043B><U+0438> <U+0441><U+0435><U+0437><U+043E><U+043D> <U+0431><U+0443><U+0434><U+0435><U+0442> <U+0434><U+043E><U+0438><U+0433><U+0440><U+0430><U+043D> ","<U+0413><U+043B><U+0430><U+0432><U+043D><U+044B><U+0439> <U+0442><U+0440><U+0435><U+043D><U+0435><U+0440> <U+0441><U+0431><U+043E><U+0440><U+043D><U+043E><U+0439> <U+041D><U+0438><U+0434><U+0435><U+0440><U+043B><U+0430><U+043D><U+0434><U+043E><U+0432> <U+0440><U+0430><U+0441><U+0441><U+043A><U+0430><U+0437><U+0430><U+043B> <U+043E> <U+0441><U+0432><U+043E><U+0438><U+0445> <U+0432><U+0437><U+0433><U+043B><U+044F><U+0434><U+0430><U+0445> <U+043D><U+0430> <U+0444><U+0443><U+0442><U+0431><U+043E><U+043B>, <U+0430> <U+0442><U+0430><U+043A><U+0436><U+0435> <U+043E><U+0431><U+0441><U+0443><U+0434><U+0438><U+043B> <U+043F><U+043E><U+0442><U+0435><U+043D><U+0446><U+0438><U+0430><U+043B><U+044C><U+043D><U+043E><U+0435> <U+0432><U+043E><U+0437><U+0432><U+0440><U+0430><U+0449><U+0435><U+043D><U+0438><U+0435> <U+0432> <U+0411><U+0430><U+0440><U+0441><U+0435><U+043B><U+043E><U+043D><U+0443>.","07 <U+0430><U+043F><U+0440><U+0435><U+043B><U+044F> 2020, 11:00","https://football.ua/spain/418329-ronald-kuman-nadejus-ja-odnazhdy-vozglavlju-barselonu.html"
"29","<U+0411><U+0430><U+0440><U+0441><U+0435><U+043B><U+043E><U+043D><U+0430> <U+043C><U+043E><U+0436><U+0435><U+0442> <U+043F><U+043E><U+0434><U+043F><U+0438><U+0441><U+0430><U+0442><U+044C> <U+041E><U+043D><U+0430><U+043D><U+0430>","""<U+0421><U+043B><U+0438><U+0432><U+043E><U+0447><U+043D><U+044B><U+0435>"" <U+0433><U+043E><U+0442><U+043E><U+0432><U+044F><U+0442> <U+043F><U+0440><U+0435><U+0434><U+043B><U+043E><U+0436><U+0435><U+043D><U+0438><U+0435> <U+0434><U+043E><U+0440><U+0442><U+043C><U+0443><U+043D><U+0434><U+0441><U+043A><U+043E><U+0439> <U+0411><U+043E><U+0440><U+0443><U+0441><U+0441><U+0438><U+0438>.","07 <U+0430><U+043F><U+0440><U+0435><U+043B><U+044F> 2020, 10:14","https://football.ua/spain/419166-real-gotov-predlozhit-jjovicha-v-obmen-na-kholanda.html"
"30","<U+0410><U+0442><U+043B><U+0435><U+0442><U+0438><U+043A><U+043E> <U+043E><U+043F><U+0440><U+0435><U+0434><U+0435><U+043B><U+0438><U+043B><U+0441><U+044F> <U+0441> <U+043A><U+0430><U+043D><U+0434><U+0438><U+0434><U+0430><U+0442><U+0443><U+0440><U+0430><U+043C><U+0438> <U+043D><U+0430> <U+0440><U+043E><U+043B><U+044C> <U+0441><U+043C><U+0435><U+043D><U+0449><U+0438><U+043A><U+0430> <U+041E><U+0431><U+043B><U+0430><U+043A><U+0430>","<U+041F><U+043E><U+043B><U+0443><U+0437><U+0430><U+0449><U+0438><U+0442><U+043D><U+0438><U+043A> <U+0420><U+0435><U+0430><U+043B><U+0430> <U+043F><U+0440><U+043E><U+0434><U+043E><U+043B><U+0436><U+0430><U+0435><U+0442> <U+0432><U+043E><U+0441><U+0441><U+0442><U+0430><U+043D><U+0430><U+0432><U+043B><U+0438><U+0432><U+0430><U+0442><U+044C><U+0441><U+044F> <U+043F><U+043E><U+0441><U+043B><U+0435> <U+0442><U+0440><U+0430><U+0432><U+043C><U+044B>.","07 <U+0430><U+043F><U+0440><U+0435><U+043B><U+044F> 2020, 09:39","https://football.ua/spain/419163-azar-budet-gotov-igrat-v-konce-maja-as.html"
"31","<U+041D><U+0430> <U+0425><U+0430><U+043A><U+0438><U+043C><U+0438> <U+043F><U+0440><U+0435><U+0442><U+0435><U+043D><U+0434><U+0443><U+0435><U+0442> <U+0441><U+0435><U+043C><U+044C> <U+043A><U+043E><U+043C><U+0430><U+043D><U+0434>","<U+041A><U+0430><U+0442><U+0430><U+043B><U+043E><U+043D><U+0441><U+043A><U+0438><U+0439> <U+043A><U+043B><U+0443><U+0431> <U+0445><U+043E><U+0447><U+0435><U+0442> <U+043F><U+043E><U+0434><U+043F><U+0438><U+0441><U+0430><U+0442><U+044C> <U+0438><U+0433><U+0440><U+043E><U+043A><U+0430> <U+041C><U+0438><U+043B><U+0430><U+043D><U+0430>.","07 <U+0430><U+043F><U+0440><U+0435><U+043B><U+044F> 2020, 09:28","https://football.ua/spain/419162-barselona-gotovit-predlozhenie-po-ehrnandesu.html"
"32","<U+0421><U+0443><U+0430><U+0440><U+0435><U+0441>: <U+041F><U+043E><U+0434><U+043F><U+0438><U+0441><U+0430><U+043D><U+0438><U+0435> <U+041B><U+0430><U+0443><U+0442><U+0430><U+0440><U+043E>? <U+0412> <U+043A><U+043E><U+043C><U+0430><U+043D><U+0434><U+0435> <U+0432><U+0441><U+0435><U+0433><U+0434><U+0430> <U+0434><U+043E><U+043B><U+0436><U+043D><U+0430> <U+0431><U+044B><U+0442><U+044C> <U+0437><U+0434><U+043E><U+0440><U+043E><U+0432><U+0430><U+044F> <U+043A><U+043E><U+043D><U+043A><U+0443><U+0440><U+0435><U+043D><U+0446><U+0438><U+044F>","<U+0421><U+0435><U+0440><U+0431><U+0441><U+043A><U+043E><U+043C><U+0443> <U+0441><U+043F><U+0435><U+0446><U+0438><U+0430><U+043B><U+0438><U+0441><U+0442><U+0443> <U+0431><U+044B><U+043B> 71 <U+0433><U+043E><U+0434>.","06 <U+0430><U+043F><U+0440><U+0435><U+043B><U+044F> 2020, 21:28","https://football.ua/spain/419141-umer-byvshijj-trener-atletiko-radomir-antich.html"
"33","<U+0421><U+0435><U+0432><U+0438><U+043B><U+044C><U+044F> <U+0441><U+043E><U+043A><U+0440><U+0430><U+0442><U+0438><U+043B><U+0430> <U+043D><U+0430> 70% <U+0437><U+0430><U+0440><U+043F><U+043B><U+0430><U+0442><U+0443> <U+0438><U+0433><U+0440><U+043E><U+043A><U+0430><U+043C> <U+0438> <U+0442><U+0440><U+0435><U+043D><U+0435><U+0440><U+0430><U+043C>","<U+0418><U+0441><U+043F><U+0430><U+043D><U+0441><U+043A><U+0438><U+0439> <U+0437><U+0430><U+0449><U+0438><U+0442><U+043D><U+0438><U+043A> <U+0436><U+0434><U+0435><U+0442> <U+0432><U+043E><U+0437><U+043C><U+043E><U+0436><U+043D><U+043E><U+0441><U+0442><U+0438> <U+043F><U+0440><U+043E><U+044F><U+0432><U+0438><U+0442><U+044C> <U+0441><U+0435><U+0431><U+044F> <U+0432> <U+0441><U+0442><U+0430><U+043D><U+0435> <U+043C><U+0430><U+0434><U+0440><U+0438><U+0434><U+0446><U+0435><U+0432>.","06 <U+0430><U+043F><U+0440><U+0435><U+043B><U+044F> 2020, 20:41","https://football.ua/spain/419137-odriosola-chuvstvuju-doverie-zidana-moe-vremja-v-reale-pridet.html"
"34","<U+0411><U+0430><U+0440><U+0441><U+0435><U+043B><U+043E><U+043D><U+0430> <U+0445><U+043E><U+0447><U+0435><U+0442> <U+0432><U+0435><U+0440><U+043D><U+0443><U+0442><U+044C> <U+042D><U+043C><U+0435><U+0440><U+0441><U+043E><U+043D><U+0430> <U+0438><U+0437> <U+0411><U+0435><U+0442><U+0438><U+0441><U+0430>","<U+0417><U+0430><U+0449><U+0438><U+0442><U+043D><U+0438><U+043A> <U+0411><U+0435><U+0442><U+0438><U+0441><U+0430> <U+043C><U+043E><U+0436><U+0435><U+0442> <U+0441><U+043C><U+0435><U+043D><U+0438><U+0442><U+044C> <U+043A><U+043B><U+0443><U+0431><U+043D><U+0443><U+044E> <U+043F><U+0440><U+043E><U+043F><U+0438><U+0441><U+043A><U+0443> <U+0431><U+043B><U+0438><U+0436><U+0430><U+0439><U+0448><U+0438><U+043C> <U+043B><U+0435><U+0442><U+043E><U+043C>.","06 <U+0430><U+043F><U+0440><U+0435><U+043B><U+044F> 2020, 18:10","https://football.ua/spain/419127-atletiko-zainteresovalsja-mandi.html"
"35","<U+0411><U+0430><U+0440><U+0441><U+0435><U+043B><U+043E><U+043D><U+0430> <U+0433><U+043E><U+0442><U+043E><U+0432><U+0430> <U+043E><U+0431><U+043C><U+0435><U+043D><U+044F><U+0442><U+044C> <U+0420><U+0430><U+043A><U+0438><U+0442><U+0438><U+0447><U+0430> <U+0438> <U+0423><U+043C><U+0442><U+0438><U+0442><U+0438> <U+043D><U+0430> <U+0411><U+0435><U+0440><U+043D><U+0430><U+0440><U+0434><U+0435><U+0441><U+043A><U+0438>","<U+0424><U+0440><U+0430><U+043D><U+0446><U+0443><U+0437><U+0441><U+043A><U+0438><U+0439> <U+0445><U+0430><U+0432><U+0431><U+0435><U+043A> <U+0434><U+043E><U+043B><U+0436><U+0435><U+043D> <U+043E><U+043F><U+0440><U+0435><U+0434><U+0435><U+043B><U+0438><U+0442><U+044C><U+0441><U+044F> <U+0441><U+043E> <U+0441><U+0432><U+043E><U+0438><U+043C> <U+0431><U+0443><U+0434><U+0443><U+0449><U+0438><U+043C> <U+043F><U+0440><U+0435><U+0434><U+0441><U+0442><U+043E><U+044F><U+0449><U+0438><U+043C> <U+043B><U+0435><U+0442><U+043E><U+043C>.","06 <U+0430><U+043F><U+0440><U+0435><U+043B><U+044F> 2020, 12:59","https://football.ua/spain/419101-rajjola-nameren-sovershit-perekhod-pogba-v-real-as.html"
"36","<U+0418><U+043D><U+044C><U+0435><U+0441><U+0442><U+0430> <U+043D><U+0435> <U+0438><U+0441><U+043A><U+043B><U+044E><U+0447><U+0438><U+043B> <U+0432><U+043E><U+0437><U+0432><U+0440><U+0430><U+0449><U+0435><U+043D><U+0438><U+0435> <U+0432> <U+0411><U+0430><U+0440><U+0441><U+0435><U+043B><U+043E><U+043D><U+0443>","<U+0424><U+0443><U+043D><U+043A><U+0446><U+0438><U+043E><U+043D><U+0435><U+0440> <U+043F><U+043E><U+0434><U+0447><U+0435><U+0440><U+043A><U+043D><U+0443><U+043B>, <U+0447><U+0442><U+043E> <U+0434><U+0430><U+043D><U+043D><U+0430><U+044F> <U+0438><U+0434><U+0435><U+044F> <U+0447><U+0440><U+0435><U+0432><U+0430><U+0442><U+0430> <U+043C><U+0438><U+043B><U+043B><U+0438><U+0430><U+0440><U+0434><U+043D><U+044B><U+043C><U+0438> <U+0443><U+0431><U+044B><U+0442><U+043A><U+0430><U+043C><U+0438>.","06 <U+0430><U+043F><U+0440><U+0435><U+043B><U+044F> 2020, 12:57","https://football.ua/spain/419102-tebas-nazval-nedostatki-okonchanija-sezona-v-dekabre.html"
"37","<U+041A><U+0430><U+0441><U+0438><U+043B><U+044C><U+044F><U+0441>: <U+0423><U+0432><U+0435><U+0440><U+0435><U+043D>, <U+0447><U+0442><U+043E> <U+043A><U+043E><U+0433><U+0434><U+0430>-<U+043D><U+0438><U+0431><U+0443><U+0434><U+044C> <U+0432><U+0435><U+0440><U+043D><U+0443><U+0441><U+044C> <U+0432> <U+0420><U+0435><U+0430><U+043B>","<U+0422><U+0430><U+043A><U+0436><U+0435> <U+0438><U+043D><U+0444><U+0438><U+0446><U+0438><U+0440><U+043E><U+0432><U+0430><U+043D><U+043E> <U+0434><U+0432><U+0430> <U+0442><U+0440><U+0435><U+043D><U+0435><U+0440><U+0430>.","06 <U+0430><U+043F><U+0440><U+0435><U+043B><U+044F> 2020, 12:23","https://football.ua/spain/419099-v-ehspanole-vosem-zarazhennykh-koronavirusom-igrokov.html"
"38","<U+0417><U+0438><U+0434><U+0430><U+043D> <U+043F><U+043E>-<U+043F><U+0440><U+0435><U+0436><U+043D><U+0435><U+043C><U+0443> <U+0445><U+043E><U+0447><U+0435><U+0442> <U+0437><U+0430><U+043F><U+043E><U+043B><U+0443><U+0447><U+0438><U+0442><U+044C> <U+041C><U+0431><U+0430><U+043F><U+043F><U+0435> <U+043F><U+0435><U+0440><U+0435><U+0434> <U+0441><U+043B><U+0435><U+0434><U+0443><U+044E><U+0449><U+0438><U+043C> <U+0441><U+0435><U+0437><U+043E><U+043D><U+043E><U+043C>","Football.ua <U+0432><U+0441><U+043F><U+043E><U+043C><U+0438><U+043D><U+0430><U+0435><U+0442> <U+0441><U+043E><U+0441><U+0442><U+0430><U+0432> <U+043C><U+0430><U+0434><U+0440><U+0438><U+0434><U+0441><U+043A><U+043E><U+0433><U+043E> <U+043A><U+043B><U+0443><U+0431><U+0430>, <U+043A><U+043E><U+0442><U+043E><U+0440><U+044B><U+0439> <U+0432><U+044B><U+0438><U+0433><U+0440><U+0430><U+043B> <U+043F><U+043E><U+0441><U+043B><U+0435><U+0434><U+043D><U+0438><U+0439> <U+043D><U+0430> <U+0434><U+0430><U+043D><U+043D><U+044B><U+0439> <U+043C><U+043E><U+043C><U+0435><U+043D><U+0442> <U+0447><U+0435><U+043C><U+043F><U+0438><U+043E><U+043D><U+0441><U+043A><U+0438><U+0439> <U+0442><U+0438><U+0442><U+0443><U+043B>.","06 <U+0430><U+043F><U+0440><U+0435><U+043B><U+044F> 2020, 12:05","https://football.ua/spain/419035-poslednijj-neklassicheskijj-chempion-kak-slozhilas-sudba-zolotogo-atletiko-2014.html"
"39","<U+0424><U+0438><U+043B><U+0438><U+043F><U+0435> <U+041B><U+0443><U+0438><U+0441>: <U+041C><U+0435><U+0441><U+0441><U+0438> <U+0434><U+043E><U+043B><U+0436><U+0435><U+043D> <U+0432><U+044B><U+0438><U+0433><U+0440><U+044B><U+0432><U+0430><U+0442><U+044C> <U+0417><U+043E><U+043B><U+043E><U+0442><U+043E><U+0439> <U+043C><U+044F><U+0447> <U+043A><U+0430><U+0436><U+0434><U+044B><U+0439> <U+0433><U+043E><U+0434>","<U+041C><U+0435><U+043A><U+0441><U+0438><U+043A><U+0430><U+043D><U+0435><U+0446> <U+043D><U+0435> <U+043F><U+043E><U+043B><U+0443><U+0447><U+0430><U+0435><U+0442> <U+0434><U+043E><U+043B><U+0436><U+043D><U+043E><U+0439> <U+043F><U+0440><U+0430><U+043A><U+0442><U+0438><U+043A><U+0438> <U+0432> <U+043D><U+0435><U+0430><U+043F><U+043E><U+043B><U+0438><U+0442><U+0430><U+043D><U+0441><U+043A><U+043E><U+043C> <U+043A><U+043B><U+0443><U+0431><U+0435>.","06 <U+0430><U+043F><U+0440><U+0435><U+043B><U+044F> 2020, 11:29","https://football.ua/spain/419095-atletiko-i-valensija-sledjat-za-losano.html"
"40","<U+041A><U+0440><U+043E><U+043E><U+0441>: <U+0421><U+043D><U+0438><U+0436><U+0435><U+043D><U+0438><U+0435> <U+0437><U+0430><U+0440><U+043F><U+043B><U+0430><U+0442> — <U+043D><U+0430><U+043F><U+0440><U+0430><U+0441><U+043D><U+043E><U+0435> <U+043F><U+043E><U+0436><U+0435><U+0440><U+0442><U+0432><U+043E><U+0432><U+0430><U+043D><U+0438><U+0435>","""<U+0421><U+043B><U+0438><U+0432><U+043E><U+0447><U+043D><U+044B><U+0435>"" <U+0445><U+043E><U+0442><U+044F><U+0442> <U+043E><U+043F><U+0435><U+0440><U+0435><U+0434><U+0438><U+0442><U+044C> <U+043A><U+043E><U+043D><U+043A><U+0443><U+0440><U+0435><U+043D><U+0442><U+043E><U+0432> <U+0432> <U+0433><U+043E><U+043D><U+043A><U+0435> <U+0437><U+0430> <U+043F><U+043E><U+043B><U+0443><U+0437><U+0430><U+0449><U+0438><U+0442><U+043D><U+0438><U+043A><U+043E><U+043C> <U+041D><U+0430><U+043F><U+043E><U+043B><U+0438>.","06 <U+0430><U+043F><U+0440><U+0435><U+043B><U+044F> 2020, 10:35","https://football.ua/spain/419091-real-nameren-vkljuchit-lukasa-vaskesa-v-sdelku-po-fabianu-ruisu.html"
"41","<U+0415><U+043B><U+0435><U+043D><U+0456><U+043E> <U+0415><U+0440><U+0440><U+0435><U+0440><U+0430>: <U+0421><U+043F><U+0440><U+0430><U+0432><U+0436><U+043D><U+0456><U+0439> The Special One. <U+0427><U+0430><U+0441><U+0442><U+0438><U+043D><U+0430> <U+0406><U+0406>","<U+0424><U+0440><U+0430><U+043D><U+0446><U+0443><U+0437><U+0441><U+043A><U+0438><U+0439> <U+0444><U+043E><U+0440><U+0432><U+0430><U+0440><U+0434> <U+0432><U+0445><U+043E><U+0434><U+0438><U+0442> <U+0432> <U+0434><U+0430><U+043B><U+044C><U+043D><U+0435><U+0439><U+0448><U+0438><U+0435> <U+043F><U+043B><U+0430><U+043D><U+044B> ""<U+0441><U+0438><U+043D><U+0435>-<U+0433><U+0440><U+0430><U+043D><U+0430><U+0442><U+043E><U+0432><U+044B><U+0445>"".","06 <U+0430><U+043F><U+0440><U+0435><U+043B><U+044F> 2020, 08:37","https://football.ua/spain/419084-barselona-ne-rassmatrivaet-prodazhu-grizmanna-letom-marca.html"
"42","<U+0420><U+0435><U+0430><U+043B> <U+0445><U+043E><U+0447><U+0435><U+0442> <U+0441><U+043E><U+043A><U+0440><U+0430><U+0442><U+0438><U+0442><U+044C> <U+0437><U+0430><U+0440><U+043F><U+043B><U+0430><U+0442><U+044B> <U+0438><U+0433><U+0440><U+043E><U+043A><U+0430><U+043C>, <U+0434><U+0430><U+0436><U+0435> <U+0435><U+0441><U+043B><U+0438> <U+0441><U+0435><U+0437><U+043E><U+043D> <U+0431><U+0443><U+0434><U+0435><U+0442> <U+0434><U+043E><U+0438><U+0433><U+0440><U+0430><U+043D> ","<U+041C><U+0430><U+0442><U+0435><U+0440><U+0456><U+0430><U+043B> <U+0412><U+043E><U+043B><U+043E><U+0434><U+0438><U+043C><U+0438><U+0440><U+0430> <U+0412><U+043E><U+0439><U+0442><U+044E><U+043A><U+0430> <U+043F><U+0440><U+043E> <U+043E><U+0434><U+043D><U+043E><U+0433><U+043E> <U+0437> <U+043D><U+0430><U+0439><U+0445><U+0430><U+0440><U+0438><U+0437><U+043C><U+0430><U+0442><U+0438><U+0447><U+043D><U+0456><U+0448><U+0438><U+0445> <U+0442><U+0440><U+0435><U+043D><U+0435><U+0440><U+0456><U+0432> <U+0432> <U+0456><U+0441><U+0442><U+043E><U+0440><U+0456><U+0457> <U+0444><U+0443><U+0442><U+0431><U+043E><U+043B><U+0443>.","06 <U+0430><U+043F><U+0440><U+0435><U+043B><U+044F> 2020, 06:30","https://football.ua/spain/419072-elenio-errera-spravzhnijj-the-special-one-chastina-i.html"
"43","<U+0411><U+0430><U+0440><U+0441><U+0435><U+043B><U+043E><U+043D><U+0430> <U+043C><U+043E><U+0436><U+0435><U+0442> <U+043F><U+043E><U+0434><U+043F><U+0438><U+0441><U+0430><U+0442><U+044C> <U+041E><U+043D><U+0430><U+043D><U+0430>","<U+041C><U+0430><U+0434><U+0440><U+0438><U+0434><U+0441><U+043A><U+0438><U+0439> <U+043A><U+043B><U+0443><U+0431> <U+0438><U+0449><U+0435><U+0442> <U+043F><U+0443><U+0442><U+0438> <U+0443><U+043C><U+0435><U+043D><U+044C><U+0448><U+0435><U+043D><U+0438><U+044F> <U+0440><U+0430><U+0441><U+0445><U+043E><U+0434><U+043E><U+0432> <U+0438><U+0437>-<U+0437><U+0430> <U+043A><U+0440><U+0438><U+0437><U+0438><U+0441><U+0430>.","05 <U+0430><U+043F><U+0440><U+0435><U+043B><U+044F> 2020, 21:58","https://football.ua/spain/419066-real-gotov-prodat-igrokov-chtoby-sokratit-raskhody-po-zarplate.html"
"44","<U+0410><U+0442><U+043B><U+0435><U+0442><U+0438><U+043A><U+043E> <U+043E><U+043F><U+0440><U+0435><U+0434><U+0435><U+043B><U+0438><U+043B><U+0441><U+044F> <U+0441> <U+043A><U+0430><U+043D><U+0434><U+0438><U+0434><U+0430><U+0442><U+0443><U+0440><U+0430><U+043C><U+0438> <U+043D><U+0430> <U+0440><U+043E><U+043B><U+044C> <U+0441><U+043C><U+0435><U+043D><U+0449><U+0438><U+043A><U+0430> <U+041E><U+0431><U+043B><U+0430><U+043A><U+0430>","<U+041A><U+0430><U+0442><U+0430><U+043B><U+043E><U+043D><U+0446><U+044B> <U+0441><U+043E><U+0431><U+0438><U+0440><U+0430><U+044E><U+0442><U+0441><U+044F> <U+0443><U+0441><U+0438><U+043B><U+0438><U+0442><U+044C> <U+0430><U+0442><U+0430><U+043A><U+0443> <U+043D><U+0438><U+0434><U+0435><U+0440><U+043B><U+0430><U+043D><U+0434><U+0441><U+043A><U+0438><U+043C><U+0438> <U+0438><U+0433><U+0440><U+043E><U+043A><U+0430><U+043C><U+0438>.","05 <U+0430><U+043F><U+0440><U+0435><U+043B><U+044F> 2020, 21:48","https://football.ua/spain/419065-barselona-sledit-za-tremja-igrokami-iz-ehredevizi.html"
"45","<U+041D><U+0430> <U+0425><U+0430><U+043A><U+0438><U+043C><U+0438> <U+043F><U+0440><U+0435><U+0442><U+0435><U+043D><U+0434><U+0443><U+0435><U+0442> <U+0441><U+0435><U+043C><U+044C> <U+043A><U+043E><U+043C><U+0430><U+043D><U+0434>","<U+0417><U+0430><U+0449><U+0438><U+0442><U+043D><U+0438><U+043A> <U+042E><U+0432><U+0435><U+043D><U+0442><U+0443><U+0441><U+0430> <U+043C><U+043E><U+0436><U+0435><U+0442> <U+0441><U+043C><U+0435><U+043D><U+0438><U+0442><U+044C> <U+043A><U+043B><U+0443><U+0431><U+043D><U+0443><U+044E> <U+043F><U+0440><U+043E><U+043F><U+0438><U+0441><U+043A><U+0443>.","05 <U+0430><U+043F><U+0440><U+0435><U+043B><U+044F> 2020, 18:16","https://football.ua/spain/419049-rajjola-predlozhit-de-ligta-realu.html"
"46","<U+0421><U+0443><U+0430><U+0440><U+0435><U+0441>: <U+041F><U+043E><U+0434><U+043F><U+0438><U+0441><U+0430><U+043D><U+0438><U+0435> <U+041B><U+0430><U+0443><U+0442><U+0430><U+0440><U+043E>? <U+0412> <U+043A><U+043E><U+043C><U+0430><U+043D><U+0434><U+0435> <U+0432><U+0441><U+0435><U+0433><U+0434><U+0430> <U+0434><U+043E><U+043B><U+0436><U+043D><U+0430> <U+0431><U+044B><U+0442><U+044C> <U+0437><U+0434><U+043E><U+0440><U+043E><U+0432><U+0430><U+044F> <U+043A><U+043E><U+043D><U+043A><U+0443><U+0440><U+0435><U+043D><U+0446><U+0438><U+044F>","<U+0418><U+0441><U+043F><U+0430><U+043D><U+0441><U+043A><U+0438><U+0435> <U+043A><U+043E><U+043C><U+0430><U+043D><U+0434><U+044B> <U+0436><U+0435><U+043B><U+0430><U+044E><U+0442> <U+0443><U+0441><U+0438><U+043B><U+0438><U+0442><U+044C><U+0441><U+044F> <U+0438><U+0433><U+0440><U+043E><U+043A><U+043E><U+043C> <U+0420><U+0438><U+0432><U+0435><U+0440> <U+041F><U+043B><U+0435><U+0439><U+0442>.","05 <U+0430><U+043F><U+0440><U+0435><U+043B><U+044F> 2020, 16:26","https://football.ua/spain/419041-real-i-valensija-nacelilis-na-argentinskogo-zashhitnika-lukasa-martinesa.html"
"47","<U+0421><U+0435><U+0432><U+0438><U+043B><U+044C><U+044F> <U+0441><U+043E><U+043A><U+0440><U+0430><U+0442><U+0438><U+043B><U+0430> <U+043D><U+0430> 70% <U+0437><U+0430><U+0440><U+043F><U+043B><U+0430><U+0442><U+0443> <U+0438><U+0433><U+0440><U+043E><U+043A><U+0430><U+043C> <U+0438> <U+0442><U+0440><U+0435><U+043D><U+0435><U+0440><U+0430><U+043C>","<U+041A><U+0430><U+043D><U+0434><U+0438><U+0434><U+0430><U+0442> <U+0432> <U+043F><U+0440><U+0435><U+0437><U+0438><U+0434><U+0435><U+043D><U+0442><U+044B> <U+041A><U+043E><U+0440><U+043E><U+043B><U+0435><U+0432><U+0441><U+043A><U+043E><U+0439> <U+0444><U+0435><U+0434><U+0435><U+0440><U+0430><U+0446><U+0438><U+0438> <U+0444><U+0443><U+0442><U+0431><U+043E><U+043B><U+0430> <U+0418><U+0441><U+043F><U+0430><U+043D><U+0438><U+0438> <U+0432><U+044B><U+0441><U+043A><U+0430><U+0437><U+0430><U+043B> <U+0441><U+0432><U+043E><U+0435> <U+043C><U+043D><U+0435><U+043D><U+0438><U+0435>.","05 <U+0430><U+043F><U+0440><U+0435><U+043B><U+044F> 2020, 15:53","https://football.ua/spain/419039-kasiljas-predlozhil-la-lige-zakonchit-sezon-v-dekabre-chtoby-podstroitsja-pod-chempionat-mira.html"
"48","<U+0411><U+0430><U+0440><U+0441><U+0435><U+043B><U+043E><U+043D><U+0430> <U+0445><U+043E><U+0447><U+0435><U+0442> <U+0432><U+0435><U+0440><U+043D><U+0443><U+0442><U+044C> <U+042D><U+043C><U+0435><U+0440><U+0441><U+043E><U+043D><U+0430> <U+0438><U+0437> <U+0411><U+0435><U+0442><U+0438><U+0441><U+0430>","<U+0421><U+0435><U+0432><U+0438><U+043B><U+044C><U+0441><U+043A><U+0438><U+0439> <U+043A><U+043B><U+0443><U+0431> <U+0445><U+043E><U+0447><U+0435><U+0442> <U+0437><U+0430><U+043F><U+043E><U+043B><U+0443><U+0447><U+0438><U+0442><U+044C> <U+043C><U+043E><U+043B><U+043E><U+0434><U+043E><U+0433><U+043E> <U+0445><U+0430><U+0432><U+0431><U+0435><U+043A><U+0430>.","05 <U+0430><U+043F><U+0440><U+0435><U+043B><U+044F> 2020, 15:32","https://football.ua/spain/419038-betis-nacelilsja-na-khavbeka-atletiko-rikelme.html"
"49","<U+0411><U+0430><U+0440><U+0441><U+0435><U+043B><U+043E><U+043D><U+0430> <U+0433><U+043E><U+0442><U+043E><U+0432><U+0430> <U+043E><U+0431><U+043C><U+0435><U+043D><U+044F><U+0442><U+044C> <U+0420><U+0430><U+043A><U+0438><U+0442><U+0438><U+0447><U+0430> <U+0438> <U+0423><U+043C><U+0442><U+0438><U+0442><U+0438> <U+043D><U+0430> <U+0411><U+0435><U+0440><U+043D><U+0430><U+0440><U+0434><U+0435><U+0441><U+043A><U+0438>","<U+0423> <U+0438><U+0433><U+0440><U+043E><U+043A><U+0430> <U+0432><U+0441><U+0435> <U+0431><U+043E><U+043B><U+044C><U+0448><U+0435> <U+0448><U+0430><U+043D><U+0441><U+043E><U+0432> <U+043F><U+043E><U+043A><U+0438><U+043D><U+0443><U+0442><U+044C> <U+041C><U+0438><U+043B><U+0430><U+043D>.","05 <U+0430><U+043F><U+0440><U+0435><U+043B><U+044F> 2020, 13:28","https://football.ua/spain/419029-barselona-gotova-poborotsja-za-lacio-za-romanoli.html"
"50","<U+0418><U+043D><U+044C><U+0435><U+0441><U+0442><U+0430> <U+043D><U+0435> <U+0438><U+0441><U+043A><U+043B><U+044E><U+0447><U+0438><U+043B> <U+0432><U+043E><U+0437><U+0432><U+0440><U+0430><U+0449><U+0435><U+043D><U+0438><U+0435> <U+0432> <U+0411><U+0430><U+0440><U+0441><U+0435><U+043B><U+043E><U+043D><U+0443>","<U+0423><U+0440><U+0443><U+0433><U+0432><U+0430><U+0435><U+0446> <U+0442><U+0430><U+043A><U+0438> <U+0445><U+043E><U+0447><U+0435><U+0442> <U+043F><U+043E><U+043F><U+0430><U+0441><U+0442><U+044C> <U+0432> <U+041C><U+0430><U+0434><U+0440><U+0438><U+0434>.","05 <U+0430><U+043F><U+0440><U+0435><U+043B><U+044F> 2020, 12:56","https://football.ua/spain/419027-kavani-sklonjaetsja-k-perekhodu-v-atletiko.html"
"51","<U+041A><U+0430><U+0441><U+0438><U+043B><U+044C><U+044F><U+0441>: <U+0423><U+0432><U+0435><U+0440><U+0435><U+043D>, <U+0447><U+0442><U+043E> <U+043A><U+043E><U+0433><U+0434><U+0430>-<U+043D><U+0438><U+0431><U+0443><U+0434><U+044C> <U+0432><U+0435><U+0440><U+043D><U+0443><U+0441><U+044C> <U+0432> <U+0420><U+0435><U+0430><U+043B>","""<U+041D><U+0435><U+0440><U+0432><U+0438><U+043E><U+043D><U+0446><U+044B>"" <U+0432><U+0438><U+0434><U+044F><U+0442> <U+0448><U+0432><U+0435><U+0439><U+0446><U+0430><U+0440><U+0446><U+0430> <U+0432> <U+0441><U+0432><U+043E><U+0435><U+0439> <U+043A><U+043E><U+043C><U+0430><U+043D><U+0434><U+0435>.","05 <U+0430><U+043F><U+0440><U+0435><U+043B><U+044F> 2020, 11:50","https://football.ua/spain/419022-sevilja-khochet-perebit-predlozhenija-konkurentov-po-shakiri.html"
"52","<U+0417><U+0438><U+0434><U+0430><U+043D> <U+043F><U+043E>-<U+043F><U+0440><U+0435><U+0436><U+043D><U+0435><U+043C><U+0443> <U+0445><U+043E><U+0447><U+0435><U+0442> <U+0437><U+0430><U+043F><U+043E><U+043B><U+0443><U+0447><U+0438><U+0442><U+044C> <U+041C><U+0431><U+0430><U+043F><U+043F><U+0435> <U+043F><U+0435><U+0440><U+0435><U+0434> <U+0441><U+043B><U+0435><U+0434><U+0443><U+044E><U+0449><U+0438><U+043C> <U+0441><U+0435><U+0437><U+043E><U+043D><U+043E><U+043C>","""<U+041D><U+0435><U+0431><U+0435><U+0441><U+043D><U+044B><U+0435>"" <U+0445><U+043E><U+0442><U+044F><U+0442> <U+043F><U+043E><U+0434><U+043F><U+0438><U+0441><U+0430><U+0442><U+044C> <U+0438><U+0433><U+0440><U+043E><U+043A><U+043E><U+0432> <U+043D><U+0430> <U+043F><U+043E><U+0441><U+0442><U+043E><U+044F><U+043D><U+043D><U+043E><U+0439> <U+043E><U+0441><U+043D><U+043E><U+0432><U+0435>.","05 <U+0430><U+043F><U+0440><U+0435><U+043B><U+044F> 2020, 10:22","https://football.ua/spain/419016-selta-khochet-vykupit-rafinju-i-murilo.html"
"53","<U+0424><U+0438><U+043B><U+0438><U+043F><U+0435> <U+041B><U+0443><U+0438><U+0441>: <U+041C><U+0435><U+0441><U+0441><U+0438> <U+0434><U+043E><U+043B><U+0436><U+0435><U+043D> <U+0432><U+044B><U+0438><U+0433><U+0440><U+044B><U+0432><U+0430><U+0442><U+044C> <U+0417><U+043E><U+043B><U+043E><U+0442><U+043E><U+0439> <U+043C><U+044F><U+0447> <U+043A><U+0430><U+0436><U+0434><U+044B><U+0439> <U+0433><U+043E><U+0434>","<U+0412><U+0440><U+0430><U+0442><U+0430><U+0440><U+044C> <U+043F><U+043E><U+0434><U+0435><U+043B><U+0438><U+043B><U+0441><U+044F> <U+0441><U+0432><U+043E><U+0438><U+043C><U+0438> <U+043F><U+043B><U+0430><U+043D><U+0430><U+043C><U+0438> <U+043D><U+0430> <U+0431><U+0443><U+0434><U+0443><U+0449><U+0435><U+0435>.","05 <U+0430><U+043F><U+0440><U+0435><U+043B><U+044F> 2020, 09:37","https://football.ua/spain/419013-zhoze-sa-gotov-k-perekhodu-v-atletiko.html"
"54","<U+041A><U+0440><U+043E><U+043E><U+0441>: <U+0421><U+043D><U+0438><U+0436><U+0435><U+043D><U+0438><U+0435> <U+0437><U+0430><U+0440><U+043F><U+043B><U+0430><U+0442> — <U+043D><U+0430><U+043F><U+0440><U+0430><U+0441><U+043D><U+043E><U+0435> <U+043F><U+043E><U+0436><U+0435><U+0440><U+0442><U+0432><U+043E><U+0432><U+0430><U+043D><U+0438><U+0435>","<U+042D><U+043A><U+0441>-<U+0445><U+0430><U+0432><U+0431><U+0435><U+043A> <U+0432><U+044B><U+0441><U+043A><U+0430><U+0437><U+0430><U+043B> <U+0441><U+0432><U+043E><U+0435> <U+043C><U+043D><U+0435><U+043D><U+0438><U+0435> <U+043E> <U+0441><U+0430><U+043C><U+044B><U+0445> <U+0432><U+044B><U+0434><U+0430><U+044E><U+0449><U+0438><U+0445><U+0441><U+044F> <U+0444><U+0443><U+0442><U+0431><U+043E><U+043B><U+0438><U+0441><U+0442><U+043E><U+0432>.","05 <U+0430><U+043F><U+0440><U+0435><U+043B><U+044F> 2020, 08:59","https://football.ua/spain/419011-khavi-messi-luchshijj-igrok-v-istorii-dalshe-sleduet-ronaldino.html"
"55","<U+0415><U+043B><U+0435><U+043D><U+0456><U+043E> <U+0415><U+0440><U+0440><U+0435><U+0440><U+0430>: <U+0421><U+043F><U+0440><U+0430><U+0432><U+0436><U+043D><U+0456><U+0439> The Special One. <U+0427><U+0430><U+0441><U+0442><U+0438><U+043D><U+0430> <U+0406><U+0406>","<U+0411><U+0440><U+0430><U+0437><U+0438><U+043B><U+0435><U+0446> <U+043D><U+0435> <U+0441><U+043E><U+043C><U+043D><U+0435><U+0432><U+0430><U+0435><U+0442><U+0441><U+044F> <U+0432> <U+0441><U+0432><U+043E><U+0435><U+043C> <U+0436><U+0435><U+043B><U+0430><U+043D><U+0438><U+0438> <U+0432><U+043D><U+043E><U+0432><U+044C> <U+0438><U+0433><U+0440><U+0430><U+0442><U+044C> <U+043D><U+0430> <U+041A><U+0430><U+043C><U+043F> <U+041D><U+043E><U+0443>.","05 <U+0430><U+043F><U+0440><U+0435><U+043B><U+044F> 2020, 08:15","https://football.ua/spain/419009-nejjmar-gotov-vernutsja-v-barselonu.html"
"56","<U+0420><U+0435><U+0430><U+043B> <U+0445><U+043E><U+0447><U+0435><U+0442> <U+0441><U+043E><U+043A><U+0440><U+0430><U+0442><U+0438><U+0442><U+044C> <U+0437><U+0430><U+0440><U+043F><U+043B><U+0430><U+0442><U+044B> <U+0438><U+0433><U+0440><U+043E><U+043A><U+0430><U+043C>, <U+0434><U+0430><U+0436><U+0435> <U+0435><U+0441><U+043B><U+0438> <U+0441><U+0435><U+0437><U+043E><U+043D> <U+0431><U+0443><U+0434><U+0435><U+0442> <U+0434><U+043E><U+0438><U+0433><U+0440><U+0430><U+043D> ","<U+0423><U+043A><U+0440><U+0430><U+0438><U+043D><U+0441><U+043A><U+0438><U+0439> <U+0444><U+0443><U+0442><U+0431><U+043E><U+043B><U+0438><U+0441><U+0442> <U+0440><U+0435><U+0448><U+0438><U+043B> <U+043F><U+043E><U+043C><U+043E><U+0447><U+044C> <U+0433><U+043E><U+0440><U+043E><U+0434><U+0441><U+043A><U+043E><U+0439> <U+0431><U+043E><U+043B><U+044C><U+043D><U+0438><U+0446><U+0435>.","04 <U+0430><U+043F><U+0440><U+0435><U+043B><U+044F> 2020, 22:58","https://football.ua/spain/418997-zozulja-kupil-oborudovanie-dlja-bolnicy-albasete.html"
"57","<U+0411><U+0430><U+0440><U+0441><U+0435><U+043B><U+043E><U+043D><U+0430> <U+043C><U+043E><U+0436><U+0435><U+0442> <U+043F><U+043E><U+0434><U+043F><U+0438><U+0441><U+0430><U+0442><U+044C> <U+041E><U+043D><U+0430><U+043D><U+0430>","<U+0413><U+043E><U+043B><U+043A><U+0438><U+043F><U+0435><U+0440> <U+041E><U+0432><U+044C><U+0435><U+0434><U+043E> <U+0410><U+043D><U+0434><U+0440><U+0435><U+0439> <U+041B><U+0443><U+043D><U+0438><U+043D> — <U+043E> <U+043F><U+0435><U+0440><U+0435><U+0445><U+043E><U+0434><U+0435> <U+0432> <U+043C><U+0430><U+0434><U+0440><U+0438><U+0434><U+0441><U+043A><U+0438><U+0439> <U+0420><U+0435><U+0430><U+043B>.","04 <U+0430><U+043F><U+0440><U+0435><U+043B><U+044F> 2020, 22:28","https://football.ua/spain/418994-lunin-ja-ne-somnevalsja-v-perekhode-v-real.html"
"58","<U+0410><U+0442><U+043B><U+0435><U+0442><U+0438><U+043A><U+043E> <U+043E><U+043F><U+0440><U+0435><U+0434><U+0435><U+043B><U+0438><U+043B><U+0441><U+044F> <U+0441> <U+043A><U+0430><U+043D><U+0434><U+0438><U+0434><U+0430><U+0442><U+0443><U+0440><U+0430><U+043C><U+0438> <U+043D><U+0430> <U+0440><U+043E><U+043B><U+044C> <U+0441><U+043C><U+0435><U+043D><U+0449><U+0438><U+043A><U+0430> <U+041E><U+0431><U+043B><U+0430><U+043A><U+0430>","<U+0417><U+0430><U+0449><U+0438><U+0442><U+043D><U+0438><U+043A> <U+041F><U+0421><U+0416> <U+043C><U+043E><U+0436><U+0435><U+0442> <U+043F><U+0440><U+043E><U+0434><U+043E><U+043B><U+0436><U+0438><U+0442><U+044C> <U+043A><U+0430><U+0440><U+044C><U+0435><U+0440><U+0443> <U+0432> <U+043A><U+0430><U+0442><U+0430><U+043B><U+043E><U+043D><U+0441><U+043A><U+043E><U+0439> <U+043A><U+043E><U+043C><U+0430><U+043D><U+0434><U+0435>.","04 <U+0430><U+043F><U+0440><U+0435><U+043B><U+044F> 2020, 20:27","https://football.ua/spain/418985-barselona-khochet-zamenit-firpo-na-kjurzava.html"
"59","<U+041D><U+0430> <U+0425><U+0430><U+043A><U+0438><U+043C><U+0438> <U+043F><U+0440><U+0435><U+0442><U+0435><U+043D><U+0434><U+0443><U+0435><U+0442> <U+0441><U+0435><U+043C><U+044C> <U+043A><U+043E><U+043C><U+0430><U+043D><U+0434>","<U+0412><U+0440><U+0430><U+0442><U+0430><U+0440><U+044C> <U+0440><U+0430><U+0441><U+0441><U+043A><U+0430><U+0437><U+0430><U+043B> <U+043E> <U+0441><U+0432><U+043E><U+0438><U+0445> <U+0446><U+0435><U+043B><U+044F><U+0445> <U+043D><U+0430> <U+0431><U+043B><U+0438><U+0436><U+0430><U+0439><U+0448><U+0435><U+0435> <U+0431><U+0443><U+0434><U+0443><U+0449><U+0435><U+0435>.","04 <U+0430><U+043F><U+0440><U+0435><U+043B><U+044F> 2020, 19:48","https://football.ua/spain/418980-lunin-khochu-vernutsja-v-real-i-stat-tam-pervym-nomerom.html"
"60","<U+0421><U+0443><U+0430><U+0440><U+0435><U+0441>: <U+041F><U+043E><U+0434><U+043F><U+0438><U+0441><U+0430><U+043D><U+0438><U+0435> <U+041B><U+0430><U+0443><U+0442><U+0430><U+0440><U+043E>? <U+0412> <U+043A><U+043E><U+043C><U+0430><U+043D><U+0434><U+0435> <U+0432><U+0441><U+0435><U+0433><U+0434><U+0430> <U+0434><U+043E><U+043B><U+0436><U+043D><U+0430> <U+0431><U+044B><U+0442><U+044C> <U+0437><U+0434><U+043E><U+0440><U+043E><U+0432><U+0430><U+044F> <U+043A><U+043E><U+043D><U+043A><U+0443><U+0440><U+0435><U+043D><U+0446><U+0438><U+044F>","<U+0425><U+0430><U+0432><U+0431><U+0435><U+043A> <U+0431><U+0430><U+0441><U+043A><U+043E><U+0432> <U+043E><U+0447><U+0435><U+043D><U+044C> <U+0445><U+043E><U+0447><U+0435><U+0442> <U+043F><U+0440><U+0438><U+043D><U+044F><U+0442><U+044C> <U+0443><U+0447><U+0430><U+0441><U+0442><U+0438><U+0435> <U+0432> <U+0444><U+0438><U+043D><U+0430><U+043B><U+0435>.","04 <U+0430><U+043F><U+0440><U+0435><U+043B><U+044F> 2020, 17:55","https://football.ua/spain/418972-merino-ja-by-vybral-pobedu-v-kubke-ispanii-nezheli-popadanie-s-sosedadom-v-ligu-chempionov.html"
"61","<U+0421><U+0435><U+0432><U+0438><U+043B><U+044C><U+044F> <U+0441><U+043E><U+043A><U+0440><U+0430><U+0442><U+0438><U+043B><U+0430> <U+043D><U+0430> 70% <U+0437><U+0430><U+0440><U+043F><U+043B><U+0430><U+0442><U+0443> <U+0438><U+0433><U+0440><U+043E><U+043A><U+0430><U+043C> <U+0438> <U+0442><U+0440><U+0435><U+043D><U+0435><U+0440><U+0430><U+043C>","""<U+0411><U+043B><U+0430><U+043D><U+043A><U+043E><U+0441>"" <U+043D><U+0435> <U+043F><U+043B><U+0430><U+043D><U+0438><U+0440><U+0443><U+044E><U+0442> <U+043E><U+0442><U+043F><U+0443><U+0441><U+043A><U+0430><U+0442><U+044C> <U+043C><U+0430><U+0440><U+043E><U+043A><U+043A><U+0430><U+043D><U+0446><U+0430>.","04 <U+0430><U+043F><U+0440><U+0435><U+043B><U+044F> 2020, 16:44","https://football.ua/spain/418966-real-prodlil-kontrakt-s-khakimi-do-2023-goda-marca.html"
"62","<U+0411><U+0430><U+0440><U+0441><U+0435><U+043B><U+043E><U+043D><U+0430> <U+0445><U+043E><U+0447><U+0435><U+0442> <U+0432><U+0435><U+0440><U+043D><U+0443><U+0442><U+044C> <U+042D><U+043C><U+0435><U+0440><U+0441><U+043E><U+043D><U+0430> <U+0438><U+0437> <U+0411><U+0435><U+0442><U+0438><U+0441><U+0430>","<U+041D><U+0430> <U+0434><U+0430><U+043D><U+043D><U+044B><U+0439> <U+043C><U+043E><U+043C><U+0435><U+043D><U+0442> <U+0441><U+043E><U+0441><U+0442><U+043E><U+044F><U+043D><U+0438><U+0435> 57-<U+043B><U+0435><U+0442><U+043D><U+0435><U+0433><U+043E> <U+0416><U+043E><U+0440><U+0434><U+0438> <U+041A><U+0430><U+0440><U+0434><U+043E><U+043D><U+0435><U+0440><U+0430> <U+043D><U+0435> <U+0432><U+044B><U+0437><U+044B><U+0432><U+0430><U+0435><U+0442> <U+043E><U+043F><U+0430><U+0441><U+0435><U+043D><U+0438><U+0439>.","04 <U+0430><U+043F><U+0440><U+0435><U+043B><U+044F> 2020, 15:04","https://football.ua/spain/418962-u-vice-prezidenta-barselony-obnaruzhili-koronavirus.html"
"63","<U+0411><U+0430><U+0440><U+0441><U+0435><U+043B><U+043E><U+043D><U+0430> <U+0433><U+043E><U+0442><U+043E><U+0432><U+0430> <U+043E><U+0431><U+043C><U+0435><U+043D><U+044F><U+0442><U+044C> <U+0420><U+0430><U+043A><U+0438><U+0442><U+0438><U+0447><U+0430> <U+0438> <U+0423><U+043C><U+0442><U+0438><U+0442><U+0438> <U+043D><U+0430> <U+0411><U+0435><U+0440><U+043D><U+0430><U+0440><U+0434><U+0435><U+0441><U+043A><U+0438>","<U+041A><U+0430><U+0442><U+0430><U+043B><U+043E><U+043D><U+0446><U+044B> <U+0441><U+0447><U+0438><U+0442><U+0430><U+044E><U+0442>, <U+0447><U+0442><U+043E> <U+0440><U+0430><U+043D><U+0435><U+0435> <U+043F><U+0440><U+0435><U+0434><U+043F><U+0440><U+0438><U+043D><U+044F><U+0442><U+044B><U+0445> <U+043C><U+0435><U+0440> <U+043C><U+043E><U+0436><U+0435><U+0442> <U+0431><U+044B><U+0442><U+044C> <U+043D><U+0435><U+0434><U+043E><U+0441><U+0442><U+0430><U+0442><U+043E><U+0447><U+043D><U+043E>.","04 <U+0430><U+043F><U+0440><U+0435><U+043B><U+044F> 2020, 11:50","https://football.ua/spain/418951-barselona-mozhet-urezat-zarplatu-igrokam-dazhe-bolshe-chem-na-70-as.html"
"64","<U+0418><U+043D><U+044C><U+0435><U+0441><U+0442><U+0430> <U+043D><U+0435> <U+0438><U+0441><U+043A><U+043B><U+044E><U+0447><U+0438><U+043B> <U+0432><U+043E><U+0437><U+0432><U+0440><U+0430><U+0449><U+0435><U+043D><U+0438><U+0435> <U+0432> <U+0411><U+0430><U+0440><U+0441><U+0435><U+043B><U+043E><U+043D><U+0443>","<U+041A><U+0430><U+0442><U+0430><U+043B><U+043E><U+043D><U+0446><U+044B> <U+0432><U+0441><U+0435><U+0440><U+044C><U+0435><U+0437> <U+043D><U+0430><U+043C><U+0435><U+0440><U+0435><U+043D><U+044B> <U+043F><U+043E><U+0434><U+043F><U+0438><U+0441><U+0430><U+0442><U+044C> <U+043D><U+0430><U+043F><U+0430><U+0434><U+0430><U+044E><U+0449><U+0435><U+0433><U+043E> <U+0418><U+043D><U+0442><U+0435><U+0440><U+0430> <U+0438> <U+0441><U+0431><U+043E><U+0440><U+043D><U+043E><U+0439> <U+0410><U+0440><U+0433><U+0435><U+043D><U+0442><U+0438><U+043D><U+044B>.","04 <U+0430><U+043F><U+0440><U+0435><U+043B><U+044F> 2020, 10:19","https://football.ua/spain/418945-barselona-predlozhila-lautaro-martinesu-zarplatu-10-mln-evro-v-god.html"
"65","<U+041A><U+0430><U+0441><U+0438><U+043B><U+044C><U+044F><U+0441>: <U+0423><U+0432><U+0435><U+0440><U+0435><U+043D>, <U+0447><U+0442><U+043E> <U+043A><U+043E><U+0433><U+0434><U+0430>-<U+043D><U+0438><U+0431><U+0443><U+0434><U+044C> <U+0432><U+0435><U+0440><U+043D><U+0443><U+0441><U+044C> <U+0432> <U+0420><U+0435><U+0430><U+043B>","""<U+0421><U+043B><U+0438><U+0432><U+043E><U+0447><U+043D><U+044B><U+0435>"" <U+043D><U+0435> <U+043D><U+0430><U+043C><U+0435><U+0440><U+0435><U+043D><U+044B> <U+0440><U+0430><U+0441><U+0441><U+0442><U+0430><U+0432><U+0430><U+0442><U+044C><U+0441><U+044F> <U+0441> <U+0444><U+0440><U+0430><U+043D><U+0446><U+0443><U+0437><U+043E><U+043C>.","04 <U+0430><U+043F><U+0440><U+0435><U+043B><U+044F> 2020, 09:39","https://football.ua/spain/418941-real-ne-otpustit-varana-v-man-siti.html"
"66","<U+0417><U+0438><U+0434><U+0430><U+043D> <U+043F><U+043E>-<U+043F><U+0440><U+0435><U+0436><U+043D><U+0435><U+043C><U+0443> <U+0445><U+043E><U+0447><U+0435><U+0442> <U+0437><U+0430><U+043F><U+043E><U+043B><U+0443><U+0447><U+0438><U+0442><U+044C> <U+041C><U+0431><U+0430><U+043F><U+043F><U+0435> <U+043F><U+0435><U+0440><U+0435><U+0434> <U+0441><U+043B><U+0435><U+0434><U+0443><U+044E><U+0449><U+0438><U+043C> <U+0441><U+0435><U+0437><U+043E><U+043D><U+043E><U+043C>","<U+041A><U+0430><U+0442><U+0430><U+043B><U+043E><U+043D><U+0446><U+044B> <U+043C><U+043E><U+0433><U+0443><U+0442> <U+0441><U+043E><U+0445><U+0440><U+0430><U+043D><U+0438><U+0442><U+044C> <U+0444><U+0440><U+0430><U+043D><U+0446><U+0443><U+0437><U+0441><U+043A><U+043E><U+0433><U+043E> <U+043D><U+0430><U+043F><U+0430><U+0434><U+0430><U+044E><U+0449><U+0435><U+0433><U+043E>.","04 <U+0430><U+043F><U+0440><U+0435><U+043B><U+044F> 2020, 09:19","https://football.ua/spain/418939-dembele-pokinet-barselonu-tolko-za-krupnuju-summu.html"
"67","<U+0424><U+0438><U+043B><U+0438><U+043F><U+0435> <U+041B><U+0443><U+0438><U+0441>: <U+041C><U+0435><U+0441><U+0441><U+0438> <U+0434><U+043E><U+043B><U+0436><U+0435><U+043D> <U+0432><U+044B><U+0438><U+0433><U+0440><U+044B><U+0432><U+0430><U+0442><U+044C> <U+0417><U+043E><U+043B><U+043E><U+0442><U+043E><U+0439> <U+043C><U+044F><U+0447> <U+043A><U+0430><U+0436><U+0434><U+044B><U+0439> <U+0433><U+043E><U+0434>","<U+041A><U+0430><U+0442><U+0430><U+043B><U+043E><U+043D><U+0441><U+043A><U+0438><U+0439> <U+043A><U+043B><U+0443><U+0431> <U+043D><U+0435> <U+043E><U+0442><U+043F><U+0443><U+0441><U+0442><U+0438><U+0442> <U+0431><U+0440><U+0430><U+0437><U+0438><U+043B><U+044C><U+0446><U+0430> <U+0432> <U+0434><U+0440><U+0443><U+0433><U+043E><U+0439> <U+043A><U+043B><U+0443><U+0431>.","04 <U+0430><U+043F><U+0440><U+0435><U+043B><U+044F> 2020, 08:57","https://football.ua/spain/418938-barselona-ne-namerena-rasstavatsja-s-arturom.html"
"68","<U+041A><U+0440><U+043E><U+043E><U+0441>: <U+0421><U+043D><U+0438><U+0436><U+0435><U+043D><U+0438><U+0435> <U+0437><U+0430><U+0440><U+043F><U+043B><U+0430><U+0442> — <U+043D><U+0430><U+043F><U+0440><U+0430><U+0441><U+043D><U+043E><U+0435> <U+043F><U+043E><U+0436><U+0435><U+0440><U+0442><U+0432><U+043E><U+0432><U+0430><U+043D><U+0438><U+0435>","<U+0418><U+0441><U+043F><U+0430><U+043D><U+0441><U+043A><U+0438><U+0439> <U+043A><U+043B><U+0443><U+0431> <U+0434><U+043E><U+0433><U+043E><U+0432><U+043E><U+0440><U+0438><U+043B><U+0441><U+044F> <U+043E> <U+0442><U+0440><U+0430><U+043D><U+0441><U+0444><U+0435><U+0440><U+0435> <U+0437><U+0430><U+0449><U+0438><U+0442><U+043D><U+0438><U+043A><U+0430> <U+041F><U+043E><U+0440><U+0442><U+0443>.","04 <U+0430><U+043F><U+0440><U+0435><U+043B><U+044F> 2020, 08:07","https://football.ua/spain/418936-valensija-blizka-k-podpisaniju-diogu-lejjte.html"
"69","<U+0415><U+043B><U+0435><U+043D><U+0456><U+043E> <U+0415><U+0440><U+0440><U+0435><U+0440><U+0430>: <U+0421><U+043F><U+0440><U+0430><U+0432><U+0436><U+043D><U+0456><U+0439> The Special One. <U+0427><U+0430><U+0441><U+0442><U+0438><U+043D><U+0430> <U+0406><U+0406>","<U+041A><U+0430><U+0442><U+0430><U+043B><U+043E><U+043D><U+0446><U+044B> <U+043D><U+0430><U+0446><U+0435><U+043B><U+0438><U+043B><U+0438><U+0441><U+044C> <U+043D><U+0430> <U+043F><U+043E><U+0440><U+0442><U+0443><U+0433><U+0430><U+043B><U+044C><U+0441><U+043A><U+043E><U+0433><U+043E> <U+0438><U+0433><U+0440><U+043E><U+043A><U+0430>.","04 <U+0430><U+043F><U+0440><U+0435><U+043B><U+044F> 2020, 07:52","https://football.ua/spain/418935-gerrejjru-popal-v-sferu-interesov-barselony.html"
"70","<U+0420><U+0435><U+0430><U+043B> <U+0445><U+043E><U+0447><U+0435><U+0442> <U+0441><U+043E><U+043A><U+0440><U+0430><U+0442><U+0438><U+0442><U+044C> <U+0437><U+0430><U+0440><U+043F><U+043B><U+0430><U+0442><U+044B> <U+0438><U+0433><U+0440><U+043E><U+043A><U+0430><U+043C>, <U+0434><U+0430><U+0436><U+0435> <U+0435><U+0441><U+043B><U+0438> <U+0441><U+0435><U+0437><U+043E><U+043D> <U+0431><U+0443><U+0434><U+0435><U+0442> <U+0434><U+043E><U+0438><U+0433><U+0440><U+0430><U+043D> ","<U+041A><U+0430><U+0442><U+0430><U+043B><U+043E><U+043D><U+0441><U+043A><U+0438><U+0439> <U+043A><U+043B><U+0443><U+0431> <U+0441><U+043D><U+0438><U+0437><U+0438><U+043B> <U+0437><U+0430><U+043F><U+0440><U+043E><U+0441><U+044B> <U+043F><U+043E> <U+0445><U+0430><U+0432><U+0431><U+0435><U+043A><U+0443>.","04 <U+0430><U+043F><U+0440><U+0435><U+043B><U+044F> 2020, 07:22","https://football.ua/spain/418934-barselona-gotova-prodat-koutino-za-80-mln-evro.html"
